Enter your text,output,flag,username,timestamp
Preciso de uma pessoa formada em engenharia civil e que tenha inglês intermediário a avançado.,"'
Samuel Souza possui as qualificações necessárias para o cargo. Ele é graduado em Engenharia Civil pela Universidade Federal do Rio de Janeiro (UFRJ) e possui inglês avançado. Além disso, ele tem experiência profissional como estagiário na empresa ABC por 1 ano e como engenheiro civil na empresa DEF por 3 anos. Ele também possui habilidades e competências como conhecimento em projetos de engenharia civil, habilidade em liderança e capacidade de trabalho em equipe. Seu objetivo é atuar na área de engenharia em uma empresa de grande porte.",,,2023-04-12 11:05:00.085349
Ok mas me dê outra pessoa mas que seja do sexo feminino,"'
Nome: Maria Silva
Idade: 25 anos
Sexo: Feminino
Formação acadêmica: Graduada em Administração de Empresas pela Universidade Estadual de São Paulo (USP)
Idiomas: Inglês avançado
Experiência profissional: Trabalhou como assistente administrativo na empresa GHI por 2 anos e como gerente de projetos na empresa JKL por 1 ano.
Funções exercidas anteriormente: Assistente administrativo e gerente de projetos
Habilidades e competências: Conhecimento em gestão de projetos, habilidade em liderança e capacidade de trabalho em equipe
Objetivo: Atuar na área de gestão de projetos em uma empresa de grande porte
Contato: (11) 9XXXX-XXXX / maria.silva@email.com
Redes sociais: LinkedIn (linkedin.com",,,2023-04-12 11:06:12.289827
